n,id,beat,clauses,start_s,end_s,dur_s,words,caption,banner,accent,value,stick_h,expression,pose,motion,sketch
1,hook_dead,B1 HOOK,1,0.0,2.6,2.4,8,HERE IS A STAR THAT HAS ALREADY DIED.,,bone,void,480,flat,standing,star_pulse_0.5Hz,"bg_void_stars; far dead star cx=980 cy=300 r=46, bone core, 2 FLAT violet halo rings r=64/78 at 12%/22% alpha (no gradient); a violet nebula wisp (wobbly 9-gon, seed 31) at 8% alpha across the lower-left third; 64pt heavy 'ALREADY DEAD' in bone with a 3px slate-black outline ON the star; stickman x=400 y_top=200 h=480 flat/standing, feet y=680; caption x=70 y=652"
2,hook_talking,B1 HOOK,2,2.68,5.38,2.7,9,"IT IS STILL SPINNING, AND IT IS STILL TALKING.",,violet,void,480,skeptical,pointing,arc_pulse + spin_step_0.25s,"bg_void_stars; star cx=980 cy=300 r=46 bone; THREE violet radio arcs r=110/170/230 centred on the star, opacity stepping 20/55/15% on a 0.25s cycle (quantized, never tweened); spin_step: one bone meridian tick on the star limb advancing 90deg per 0.25s stamp, 4 stamps per revolution; stickman x=400 y_top=210 h=480 skeptical/pointing, right arm toward the star; caption x=70 y=652"
3,hook_not_alone,B1 HOOK,3+4,5.46,8.16,2.7,9,AND IT IS NOT SPINNING ALONE.,A NEUTRON STAR,amber,void,480,awed_brows,hands_up,star_pulse + head_tilt_0.25s,"bg_void_stars; star cx=980 cy=300 r=46 with a 2px AMBER limb ring — the first hot color in the segment, so the eye registers the shift; 64pt heavy 'A NEUTRON STAR' amber with a 3px slate-black outline, centred on the star at (980,300); stickman x=400 y_top=200 h=480 awed_brows/hands_up, head tilting 4deg per 0.25s stamp; caption x=70 y=652"
4,psr_size,B2 THE PULSAR,5+6,8.24,10.34,2.1,7,CITY-SIZED. DENSER THAN ANYTHING SHOULD BE ALLOWED.,20 KM ACROSS,bone,void,400,frown,standing,core_breathe,"bg_void_stars; pulsar core cx=900 cy=330 r=54, 3-STOP radial gradient #FFFFFF (r=0) -> #DCE6EC (r=0.55) -> #6E5A9C (r=1.0) — the ONLY gradient in the segment, legal here because the star core is the emissive subject (PALETTE_SPEC.md §3) — plus texture.stipple_overlay(density=0.02, seed=41); 18pt bone annotation '20 KM ACROSS' centred at (900,404); a 3px bone scale bracket with end ticks from x=760 to x=1040 at y=430; stickman x=400 y_top=300 h=400 frown/standing; caption x=70 y=652"
5,psr_collapse,B2 THE PULSAR,7,10.42,14.02,3.6,12,"ITS FUEL RAN OUT, IT EXPLODED, AND COLLAPSED IN HERE.",,amber,void,480,worried,shielding_eyes,collapse_in_1.2s + flash,"bg_void_stars; amber starfield streaks radiating from (900,330) in three quantized length steps, each on its own 0.25s stamp; a debris ring of 9 AMBER rock blobs r=6..14 on an ellipse rx=300 ry=90 at (900,330), each inward on its own 0.25s stamp; the core r=54 brightens to full white at t=0.9s then SNAPS to r=30 on one 0.25s stamp; stickman x=400 y_top=200 h=480 worried/shielding_eyes; caption x=70 y=652"
6,psr_spin,B2 THE PULSAR,8,14.1,16.5,2.4,8,THAT COLLAPSE IS WHAT MAKES IT SPIN. FAST.,,violet,void,400,flat,standing,spin_step_0.25s (4 stamps/rev),"bg_void_stars; core cx=900 cy=330 r=30 flat white; two 2px VIOLET magnetic field arcs lofting above and below the poles (wobble seed 52); one AMBER spin tick on the limb advancing 90deg per 0.25s stamp. VISUAL PACE ONLY — not to scale; the narration says milliseconds and the discrepancy is the joke, so do NOT annotate it. Since E2 the narration agrees with the truth here — 'six thousandths of a second’ — so the builder may now annotate the true 6.2ms period on this card. stickman x=400 y_top=300 h=400 flat/standing; caption x=70 y=652"
7,psr_rate,B2 THE PULSAR,9,16.58,18.98,2.4,8,ONE TURN TAKES SIX THOUSANDTHS OF A SECOND.,ONE TURN / 6 MS,bone,void,0,,,spin_step + counter_roll,"DIAGRAM-ONLY. bg_void_stars; core cx=560 cy=300 r=30; a 2px BONE stopwatch ring (ellipse r=190) centred (560,300) carrying 60 tick marks; one AMBER tick chases the ring at 6.2 MILLISECONDS PER REV — that is 160.8 turns per second, so 25 stamps per rev at 0.25s and it reads as a blur, which is the point; 64pt heavy '6 MILLISECONDS' bone with a 3px slate-black outline centred at (560,300); 18pt bone annotation 'PER TURN' at (560,510); NO stickman. FACT FLAG E2 (APPLIED) — the earlier narration said 'about a sixth of a second' (167ms), 27x the true 6.2ms period, and this card as designed would have contradicted the voice. work/scripts.py now reads 'One turn takes six thousandths of a second.' Do not restore the old wording, and do not label the 161 figure as a period: 161 is the frequency in Hz."
8,psr_beams,B2 THE PULSAR,10,19.06,22.06,3.0,10,BEAMS OF RADIO LIGHT RAKE OUT OF ITS MAGNETIC POLES.,RADIO BEAMS,amber,void,480,shielding_eyes,shielding_eyes,beam_sweep_3.0s,"bg_void_stars; core cx=900 cy=330 r=30; TWO opposed beam cones from the poles, apex alpha 1.0 ramping to tip alpha 0.0 along the axis, apex #DCE6EC shifting to #E8A33D at ~70% of the length so the cone reads as a two-tone funnel, MAX 6px blur on the FILL layer only; the 2px AMBER cone EDGES are drawn UNBLURRED on top — the gradient is the fill, the hand-drawn line is the line, and that is what keeps it from reading as a stock lens flare; both cones rotate as a rigid pair, 1 rev / 3.0s; flat violet halo rings r=64/78 at 12%/22% alpha; stickman x=400 y_top=200 h=480 shielding_eyes; caption x=70 y=652"
9,psr_lighthouse,B2 THE PULSAR,11,22.14,25.74,3.6,12,ON AND OFF AND ON. A LIGHTHOUSE MADE OF A DEAD STAR.,,cream,cream,400,awed_brows,pointing,on_off_strobe_1.1s,"CREAM CARD — full-bleed #F2EAD6 from y=61 to y=719. A lighthouse silhouette in 3px slate-black flat strokes: tower base at x=1000,y=620, lamp housing at (1000,300); two AMBER beam wedges from the lamp at a 40deg half-angle, hard on/off on a 1.1s cycle (a pulse train, NOT a fade); 'ON' and 'OFF' stamped in 18pt slate-black Consolas Bold directly beneath the lamp, swapping on each cycle. ALL text on this card is slate-black — amber on cream is 1.80:1 and bone on cream is 1.06:1, both forbidden (PALETTE_SPEC.md §1). stickman x=400 y_top=300 h=400 awed_brows/pointing; caption x=70 y=652 in slate-black"
10,psr_name,B2 THE PULSAR,12+13,25.82,28.22,2.4,8,PSR B1257+12. IT HAS THREE PLANETS.,PSR B1257+12,bone,void,480,oval,pointing,star_pulse + name_stamp_settle,"bg_void_stars; core cx=880 cy=300 r=30 bone; the name arrives as a STAMP: 64pt 'PSR B1257+12', bone fill, 3px slate-black outline, rotated -3deg, settling from scale 1.18 to 1.00 on ONE 0.25s stamp (no tween) at (880,300); 18pt amber stamp 'VIRGO' top-right at (1080,120) — E1, corrected from 'VELA': the pulsar is in Virgo; Vela hosts PSR B0833-45, a different pulsar with no planets. The constellation now shows on the card but is no longer spoken; three bone dots r=7 at (1090,180)/(1130,180)/(1170,180) appearing on three consecutive 0.25s stamps, one per word of 'three planets'; stickman x=400 y_top=200 h=480 oval/pointing; caption x=70 y=652"
11,planet_masses,B3 THE PLANETS,14,28.3,32.2,3.9,13,ONE BARELY BEATS THE MOON. TWO WEIGH FOUR TIMES EARTH.,,cream,cream,400,skeptical,pointing,mass_bar_grow,"CREAM CARD. A ledger: three 3px slate-black rules at y=180/300/420 spanning x=560..1180; one flat slate-black disc per row — Draugr r=16 at x=620, Phobetor r=40 at x=860, Poltergeist r=42 at x=1120 — so the shape itself carries the fact: one speck, then two near-twin heavies. NO gradient and NO band texture (the three planets are on PALETTE_SPEC.md §3's gradient denylist); a 64pt heavy slate-black mass figure grows on each disc in 0.25s stamps — 'MOON-SIZE' on row 1, '4 EARTH' on rows 2 and 3. FACT FLAG E3 (APPLIED) — the earlier narration said two of the three weighed about as much as the Moon, which inverted the real picture. True masses are Draugr 0.020, Phobetor 3.9, Poltergeist 4.3 Earth masses: ONE is Moon-ish and TWO are about four Earths. work/scripts.py now reads 'One is barely heavier than the Moon. Two weigh four times the Earth.' Keep the disc radii in the order 16 / 40 / 42 — Draugr innermost and smallest, the other two large and nearly equal. stickman x=400 y_top=300 h=400 skeptical/pointing; caption x=70 y=652 in slate-black"
12,planet_minefield,B3 THE PLANETS,15,32.28,35.88,3.6,12,THAT IS NOT A SOLAR SYSTEM. THAT IS RUBBLE IN A MINEFIELD.,RUBBLE,amber,void,480,frown,hands_down,debris_jitter,"bg_void_stars; pulsar core cx=900 cy=180 r=26, cropped by the title strip; an AMBER radiation wash — a wobbly 8-lobed polygon, wobble seed 71 — spanning x=340..1240, y=120..660, flat 10% fill with a 2px amber outline; 11 slate-black rock blobs (irregular 7-gons, r=8..26) on a deterministic grid inside the wash, each jittering 2px on its own 0.25s stamp; 64pt heavy 'RUBBLE' amber at (760,400) on the wash; stickman x=400 y_top=200 h=480 frown/hands_down, drawn INSIDE the 10% wash so his black limbs keep full separation; caption x=70 y=652"
13,planet_periods,B3 THE PLANETS,16,35.96,38.36,2.4,8,"THEIR LAPS TAKE 25, 67, AND 98 DAYS.",25 / 67 / 98 DAYS,bone,void,0,,,orbit_ring_step,"DIAGRAM-ONLY. bg_void_stars; core cx=640 cy=330 r=24; THREE concentric orbit ellipses, all 2px BONE — violet is a shape color and never carries type, and 18pt violet annotation would be 3.48:1 — with rx=170/300/430 and ry=58/100/142, all centred (640,330), inner to outer Draugr / Phobetor / Poltergeist; one bone dot r=9 on each ring, advancing one 0.25s step per lap; 18pt bone labels at the ring apexes with 3px leader lines — '25 D' at (640,262), '67 D' at (640,222), '98 D' at (640,180); the banner '25 / 67 / 98 DAYS' set at 64pt bone at (640,510); NO stickman. This is the diagram the next three cards talk over, so it is drawn to be re-used rather than admired. FACT FLAG E4 (APPLIED) — the earlier banner read 66 / 204 / 365 days, which are not this system's periods. True orbital periods are 25.262, 66.5419 and 98.2114 days, spoken as 'twenty-five days, sixty-seven, and ninety-eight'. Keep the inner-to-outer order matching those numbers."
14,how_find,B4 THE SEARCH,17,38.44,42.94,4.5,15,SO HOW DO YOU FIND A PLANET AROUND A CORPSE?,,cream,cream,400,worried_thinker,thinker,none (static — the beat asks a question),"CREAM CARD, deliberately near-empty. One 3px slate-black question mark drawn as linework at (860,300), 200px tall, 2px wobbly stroke, wobble seed 83; a slate-black coffin-outline rectangle 3px at x=300..420, y=340..520 with a lid rule at y=372 — the 'corpse' half, drawn plainly, no gore, no skull; a slate-black ear shape as a 2px arc at (1100,300) with three concentric 2px arcs r=40/70/100 — the 'listen' half. Nothing else on this card; the emptiness IS the pacing. stickman x=400 y_top=300 h=400 worried_thinker/thinker; caption x=70 y=652 in slate-black"
15,how_signature,B4 THE SEARCH,18,43.02,46.02,3.0,10,EVERY ROTATION HAS A SIGNATURE. WOBBLE MEANS A TUG.,,violet,void,0,,,waveform_squash,"DIAGRAM-ONLY. bg_void_stars; a BONE timing trace across x=120..1180 at y=300: nine evenly spaced 2px spikes, redrawn on a 0.25s cycle; the 4th and 7th spikes have their peak displaced 6px right — that is the wobble, drawn rather than labelled; a 3px amber bracket under each displaced peak with a 3px leader up to it; 18pt bone 'TUG' at (470,360) and (830,360); a bone baseline rule at y=380 spanning the full width; 64pt heavy 'WOBBLE = TUG' bone at (640,500); NO stickman"
16,how_1990,B4 THE SEARCH,19,46.1,50.0,3.9,13,WOLSZCZAN FOUND THAT PULSAR IN 1990. IT HAD A WOBBLE IN IT.,1990,bone,void,400,skeptical,shrugged,stamp_settle,"bg_void_stars; a 2px bone waveform panel x=560..1180, y=180..520; the wobbled pulse train from how_signature inside it at 0.7 scale, re-stamped every 0.25s; a heavy 64pt '1990' plate — bone fill, 3px slate-black outline — at (870,350), settling from scale 1.15 to 1.00 on one 0.25s stamp; an 18pt bone stamp 'VLA' at (1080,470); stickman x=400 y_top=300 h=400 skeptical/shrugged; caption x=70 y=652. FACT FLAG E5 (APPLIED) — the card was id=how_1992 with a '1992' plate and a 'NOBODY BELIEVED HIM' caption, both wrong. The pulsar was discovered 9 February 1990; the first two planets were announced in January 1992 and the third later that year, confirmed on a later re-observation — which is what the two-year gap on how_two_years actually refers to. 'Nobody believed him' was unsourced and is dropped rather than reworded; the suspicion now lives in the shrug."
17,how_two_years,B4 THE SEARCH,20,50.08,53.68,3.6,12,HE WAITED TWO YEARS FOR IT TO COME BACK. IT CAME BACK.,,violet,void,400,worried,pointing,tally_2yr + pulse_repeat,"bg_void_stars; a VIOLET TALLY — 24 thin 3px slate-black vertical rules at x=600..1180, y=420, grouped 12|12 with a 40px gap: two years of ticks and no words; the how_signature trace replays once across the top half (x=120..1180, y=200..300), the replay landing on a 0.25s stamp; an 18pt bone '2 YEARS' at (890,470) under the tally; 64pt heavy 'IT CAME BACK' bone at (640,120); stickman x=400 y_top=300 h=400 worried/pointing toward the tally; caption x=70 y=652. FACT FLAG E5 (APPLIED) — this card is now consistent with how_1990: the pulsar was found in 1990, the wobble was announced with the first two planets in January 1992, and the third arrived on the re-observation, so the two-year tally runs 1990 -> 1992."
18,how_grave,B4 THE SEARCH,21,53.76,57.96,4.2,14,A NEUTRON STAR SHOULD NOT HAVE A PLANET. IT IS A GRAVE.,A GRAVE,amber,void,560,sad_smile,hands_down,none (static hold — the dread beat),"DREAD CARD, amber. bg_void_stars; the core drawn as an ABSENCE: an empty 2px amber ring r=44 at (900,330) with nothing inside it; three flat slate-black mound shapes (7-gons, wobble seeds 91/92/93) at (700,600), (900,610), (1100,600) with radii 70/86/64 — no crosses, no headstones, no skulls; 64pt heavy 'A GRAVE' amber centred at (900,300), inside the empty ring; stickman x=400 y_top=120 h=560 sad_smile/hands_down — the BIGGEST figure so far, arms straight down, head 6px lower than the previous cards so the slump reads without a single new line; caption x=70 y=652. Per §10.8 this is one of the two beats that must carry the stickman at the moment the fate lands."
19,how_steady,B4 THE SEARCH,22,58.04,61.04,3.0,10,"THE WOBBLE WAS STEADY, AND RHYTHMIC, AND NEVER STOPPED.",,violet,void,0,,,metronome_step,"DIAGRAM-ONLY. bg_void_stars; a metronome in 2px bone linework — trapezoid body x=560..760, y=300..560, pendulum pivot at (660,320); the pendulum swings +/-26deg in quantized 0.25s steps, one full swing per clause beat, and NEVER pauses — that is the whole meaning of the card; a flat violet rectangle x=120..480, y=280..560 at 8% alpha behind the swing arc (shape color, carries no word); 18pt bone 'STEADY' at (300,240) and 'NEVER STOPS' at (300,600); 64pt heavy 'STEADY AND RHYTHMIC' bone at (880,420); NO stickman"
20,how_tug,B4 THE SEARCH,23,61.12,64.42,3.3,11,SOMETHING SMALL WAS PULLING ON THE BEAM. ON A SCHEDULE.,,bone,void,400,flat,pointing,tug_step,"bg_void_stars; a single AMBER beam wedge from (900,300) toward the lower-right, 2px edges over a 6px-blurred fill, sweeping in 0.25s steps; a bone dot r=11 at (1120,520) that lurches 8px toward the beam and back on alternating 0.25s stamps — the tug made visible; a 2px bone schedule ladder at x=200..560, y=520 with five rungs at 60px spacing, one rung highlighted amber; stickman x=400 y_top=300 h=400 flat/pointing along the beam; caption x=70 y=652"
21,how_first,B4 THE SEARCH,24,64.5,67.5,3.0,10,"THE FIRST CONFIRMED EXOPLANETS EVER, AROUND A DEAD STAR.",FIRST EXOPLANETS EVER,amber,void,480,relief,hands_up,star_pulse + arms_up_stamp,"PAYOFF CARD, amber. bg_void_stars; core cx=880 cy=320 r=40 at full 3-stop gradient; the three planet discs at r=18/22/34 on the two inner orbit rings from planet_periods, re-stamped into existence one per 0.25s stamp, each with a flat 2px amber ring highlight; a 64pt heavy 'FIRST EVER' amber plate with a 3px slate-black outline at (880,320); stickman x=400 y_top=200 h=480 relief/hands_up — AWE, not fear, per the B4 payoff note in round_1_script.md; his arms stamp up on the word 'confirmed'. A 0.5s palette bridge follows."
22,name_why,B5 THE NAMING,25,67.58,70.58,3.0,10,THEY NAMED THE PLANETS AFTER THE THINGS THAT HAUNT YOU.,,violet,void,400,worried,shrugged,mist_drift,"bg_void_stars; a flat violet haze band (wobbly 9-gon, wobble seed 111) spanning x=120..1180, y=420..640 at 9% fill with a 2px violet outline; five flat slate-black 2px silhouettes drifting 3px left-right on 0.25s stamps inside the haze — deliberately ambiguous, NOT yet skulls; they resolve on the next card. stickman x=400 y_top=300 h=400 worried/shrugged; caption x=70 y=652"
23,name_three,B5 THE NAMING,26,70.66,72.66,2.0,3,DRAUGR. PHOBETOR. POLTERGEIST.,,cream,cream,400,awed_brows,pointing,name_stamp_x3 (one per word — see timing note),"CREAM CARD. Three SKULL plates, each a 3px slate-black circle 96px across at (330,300)/(700,300)/(1070,300) with two 3px slate-black eye slots and a 3px jaw rule — cartoon-flat, no gradients, no teeth detail; the reference's detailed teeth-and-tongue mouth is copyrighted character design and is NOT copied. Under each, a heavy 64pt slate-black name stamped in sequence — 'DRAUGR' / 'PHOBETOR' / 'POLTERGEIST' — each settling from scale 1.18 to 1.00 on ONE 0.25s stamp. TIMING: word count says 0.9s and that is wrong; these are three multi-syllable names, so expect ~2.0s from the aligned audio and land the three stamps on the three word ONSETS, not on evenly spaced times. stickman x=400 y_top=300 h=400 awed_brows/pointing; caption x=70 y=652 in slate-black"
24,name_star,B5 THE NAMING,27,72.74,75.44,2.7,9,AND THEY NAMED THE STAR PSR B1257+12.,PSR B1257+12,amber,void,480,flat,pointing,name_stamp_settle,"bg_void_stars; core cx=880 cy=320 r=36 with a 2px amber limb; the heavy 64pt name plate 'PSR B1257+12' re-stamps at (880,320) in amber with a 3px slate-black outline, settling scale 1.18 -> 1.00 on one 0.25s stamp; the skull plates are GONE — this beat ends on the star, not on the skulls, so the naming lands on the corpse; 18pt bone stamp 'VIRGO' at (1080,120) — E1, corrected from 'VELA'; stickman x=400 y_top=200 h=480 flat/pointing; caption x=70 y=652"
25,name_coordinates,B5 THE NAMING,28,75.52,80.32,4.8,16,A NAME THAT IS JUST COORDINATES.,A SPOT ON THE SKY,bone,void,400,smirk,shrugged,sky_grid + crosshair_drop,"bg_void_stars; a 2px bone sky GRID of seven vertical rules and five horizontal rules spanning x=560..1180, y=180..560, with 3px ticks every 60px — a star chart, drawn plainly, no labels yet; a 3px bone crosshair at (860,330) with a 2px circle r=18 dropping to it on one 0.25s stamp and LOCKING; the crosshair pulses on every subsequent stamp, because this is where the thing is; 64pt heavy bone 'A SPOT ON THE SKY' at (860,640); 18pt bone annotation 'SKY COORDINATES' at (860,600); stickman x=400 y_top=300 h=400 smirk/shrugged — the wry beat survives, but it is wry at the bureaucracy, not at a punchline; caption x=70 y=652. FACT FLAG E6 (APPLIED) — this card was id=name_base_eight and asserted a base-eight joke told by Wolszczan and Frail. There is no such joke; the octal reading of 1257 is a numerical accident with no connection to the name, and attributing it to the discoverers was a fabrication. Replaced with the verifiable fact: PSR 1257+12 is a sexagesimal sky coordinate, 12h57m right ascension and plus 12 degrees declination."
26,name_just_digits,B5 THE NAMING,29,80.4,83.1,2.7,9,TWELVE FIFTY-SEVEN. PLUS TWELVE. THAT IS THE ENTIRE NAME.,,cream,cream,400,flat,hands_down,digit_flip,"CREAM CARD, deliberately plain. Four 3px slate-black digit frames 120px square at (500,300)/(660,300)/(820,300)/(980,300) holding the digits '1' '2' '5' '7' in heavy 64pt slate-black; beneath the first two frames an 18pt slate-black label 'RIGHT ASCENSION' at (580,400) and beneath the last two an 18pt label '+12 DEGREES, UP AND NORTH' at (900,400), with a 3px leader from the label to the frame pair; a heavy 64pt slate-black 'THAT IS THE NAME' at (640,510). No illustration, no texture, no gradient, nothing else — the flatness is the point: a dead star reduced to a row of numbers. stickman x=400 y_top=300 h=400 flat/hands_down; caption x=70 y=652 in slate-black. A 0.5s palette bridge follows."
27,close_bother,B6 FATE,30,83.18,85.58,2.4,8,HERE IS THE PART THAT SHOULD BOTHER YOU.,,violet,void,480,worried_thinker,thinker,haze_swell,"bg_void_stars; the violet radiation wash from planet_minefield returns, now filling x=200..1240, y=110..670 at 9% flat fill, swelling to 12% over four 0.25s stamps; nothing else is added — the emptiness is the warning. stickman x=400 y_top=200 h=480 worried_thinker/thinker, hand under chin; caption x=70 y=652"
28,close_no_burn,B6 FATE,31,85.66,88.66,3.0,10,THESE DID NOT FORM AROUND A STAR THAT WAS BURNING.,,bone,void,400,skeptical,pointing,flame_extinguish,"bg_void_stars; a 2px bone FLAME outline in three stacked lobes at (1000,300) r=90, drawn as LINEWORK ONLY — no fill, no gradient; it EXTINGUISHES, each lobe collapsing to nothing on its own 0.25s stamp, bottom lobe first over three stamps, leaving 6px of ash; a flat slate-black disc r=20 appears inside the dead flame at (1000,300) — the remnant star; 18pt bone 'WHAT WAS LEFT' at (1000,440); stickman x=400 y_top=300 h=400 skeptical/pointing at the dead flame; caption x=70 y=652"
29,close_formed,B6 FATE,32,88.74,91.44,2.7,9,"THEY FORMED HERE, OR THEY SURVIVED BEING MADE HERE.",,amber,void,400,worried,hands_down,debris_accumulate,"bg_void_stars; the remnant disc r=20 at (1000,300) with its 2px amber limb; the rock blobs from planet_minefield fly INWARD and stick to the limb, one per 0.25s stamp, until six amber-outlined slate-black blobs sit on the circumference — made here, not inherited; a flat 2px amber accretion ring at r=30; stickman x=400 y_top=300 h=400 worried/hands_down; caption x=70 y=652"
30,close_radiation,B6 FATE,33,91.52,95.42,3.9,13,THE RADIATION WOULD TEAR AN ATMOSPHERE APART BY AFTERNOON.,RADIATION BATH,violet,void,480,worried,cowering,veil_stripes,"RADIATION BATH, violet. bg_void_stars; core cx=1000 cy=300 r=30; NINE flat AMBER beam rays 3px wide at 2px spacing raking from the core across the left of frame at -18deg, each blinking on a staggered 0.25s phase so the field shimmers; a flat violet rectangle x=140..820, y=140..640 at 10% alpha is the irradiated zone (shape color, carries no word); inside it a 3px BONE ellipse outline r=110 at (480,390) and a 2px AMBER ellipse r=110 concentric with it, BOTH on the same frame — the atmosphere, and what is left of it; 64pt heavy 'IN AN AFTERNOON' bone at (480,560); stickman x=400 y_top=200 h=480 worried/cowering INSIDE the irradiated zone; caption x=70 y=652"
31,close_finale,B6 FATE,34,95.5,98.8,3.3,11,"THREE ROCKS AND ONE COLLAPSED CORE. TURNING, FOREVER.",,bone,void,560,deadpan_grim,hands_down,spin_step_0.25s (never decelerates),"FINAL CARD, bone — the only card in the segment that shows the whole system at once. bg_void_stars; core cx=900 cy=340 r=26 at centre-right; the three orbit ellipses from planet_periods re-drawn at 0.75 scale in 2px bone; the three planet discs r=14/17/25 on them; ONE bone spin tick on the core limb advancing 90deg per 0.25s stamp and NEVER slowing — that is the 'forever'; every other motion on the card is frozen so the spin is the only thing moving; 18pt bone labels 'DRAUGR' (640,250) / 'PHOBETOR' (640,180) / 'POLTERGEIST' (640,110) with 3px leaders to their discs — 18pt bone, never violet at 3.48:1; stickman x=400 y_top=120 h=560 deadpan_grim/hands_down, the same height as how_grave and close_radiation so the last three cards read as one continuous reaction instead of three separate poses; caption x=70 y=652. Hold 0.40s past the last word, then the 3.75s white bridge from lib/transition.py."
